segment,country,product,discount band,units sold,manufacturing price,sale price,gross sales,discounts,sales,cogs,profit,date,month number,month name,year
Government,Canada, Carretera , None ,,3.0,20.0,,,,,,2014-01-01,1, January ,2014
Government,Germany, Carretera , None ,,3.0,20.0,,,,,,2014-01-01,1, January ,2014
Midmarket,France, Carretera , None ,,3.0,15.0,,,,,,2014-01-06,6, June ,2014
Midmarket,Germany, Carretera , None ,,3.0,15.0,,,,,,2014-01-06,6, June ,2014
Midmarket,Mexico, Carretera , None ,,3.0,15.0,,,,,,2014-01-06,6, June ,2014
Government,Germany, Carretera , None ,,3.0,350.0,,,,,,2014-01-12,12, December ,2014
Midmarket,Germany, Montana , None ,,5.0,15.0,,,,,,2014-01-03,3, March ,2014
Channel Partners,Canada, Montana , None ,,5.0,12.0,,,,,,2014-01-06,6, June ,2014
Government,France, Montana , None ,,5.0,20.0,,,,,,2014-01-06,6, June ,2014
Channel Partners,Germany, Montana , None ,,5.0,12.0,,,,,,2014-01-06,6, June ,2014
Midmarket,Mexico, Montana , None ,,5.0,15.0,,,,,,2014-01-06,6, June ,2014
Enterprise,Canada, Montana , None ,,5.0,125.0,,,,,,2014-01-07,7, July ,2014
Small Business,Mexico, Montana , None ,,5.0,300.0,,,,,,2014-01-08,8, August ,2014
Government,Germany, Montana , None ,,5.0,7.0,,,,,,2014-01-09,9, September ,2014
Enterprise,Canada, Montana , None ,,5.0,125.0,,,,,,2013-01-10,10, October ,2013
Midmarket,United States of America, Montana , None ,,5.0,15.0,,,,,,2014-01-12,12, December ,2014
Government,Canada, Paseo , None ,,10.0,20.0,,,,,,2014-01-02,2, February ,2014
Midmarket,Mexico, Paseo , None ,,10.0,15.0,,,,,,2014-01-02,2, February ,2014
Channel Partners,Canada, Paseo , None ,,10.0,12.0,,,,,,2014-01-06,6, June ,2014
Government,Germany, Paseo , None ,,10.0,350.0,,,,,,2014-01-06,6, June ,2014
Channel Partners,Germany, Paseo , None ,,10.0,12.0,,,,,,2014-01-07,7, July ,2014
Government,Mexico, Paseo , None ,,10.0,7.0,,,,,,2014-01-08,8, August ,2014
Midmarket,France, Paseo , None ,,10.0,15.0,,,,,,2013-01-09,9, September ,2013
Small Business,Mexico, Paseo , None ,,10.0,300.0,,,,,,2013-01-09,9, September ,2013
Midmarket,Mexico, Paseo , None ,,10.0,15.0,,,,,,2014-01-09,9, September ,2014
Government,United States of America, Paseo , None ,,10.0,7.0,,,,,,2014-01-10,10, October ,2014
Government,Canada, Paseo , None ,,10.0,350.0,,,,,,2013-01-11,11, November ,2013
Channel Partners,United States of America, Paseo , None ,,10.0,12.0,,,,,,2013-01-11,11, November ,2013
Midmarket,Canada, Paseo , None ,,10.0,15.0,,,,,,2013-01-12,12, December ,2013
Government,Canada, Paseo , None ,,10.0,20.0,,,,,,2014-01-12,12, December ,2014
Government,Germany, Paseo , None ,,10.0,350.0,,,,,,2014-01-12,12, December ,2014
Government,Mexico, Velo , None ,,120.0,7.0,,,,,,2014-01-01,1, January ,2014
Enterprise,France, Velo , None ,,120.0,125.0,,,,,,2014-01-02,2, February ,2014
Channel Partners,Germany, Velo , None ,,120.0,12.0,,,,,,2014-01-03,3, March ,2014
Government,Germany, Velo , None ,,120.0,350.0,,,,,,2014-01-06,6, June ,2014
Channel Partners,Germany, Velo , None ,,120.0,12.0,,,,,,2014-01-06,6, June ,2014
Enterprise,United States of America, Velo , None ,,120.0,125.0,,,,,,2014-01-08,8, August ,2014
Enterprise,Canada, Velo , None ,,120.0,125.0,,,,,,2013-01-10,10, October ,2013
Small Business,Canada, VTT , None ,,250.0,300.0,,,,,,2014-01-02,2, February ,2014
Channel Partners,Germany, VTT , None ,,250.0,12.0,,,,,,2014-01-04,4, April ,2014
Midmarket,France, VTT , None ,,250.0,15.0,,,,,,2014-01-06,6, June ,2014
Midmarket,Germany, VTT , None ,,250.0,15.0,,,,,,2014-01-06,6, June ,2014
Government,France, VTT , None ,,250.0,350.0,,,,,,2013-01-09,9, September ,2013
Small Business,France, VTT , None ,,250.0,300.0,,,,,,2014-01-09,9, September ,2014
Government,Canada, VTT , None ,,250.0,20.0,,,,,,2014-01-12,12, December ,2014
Government,France, Amarilla , None ,,260.0,350.0,,,,,,2014-01-02,2, February ,2014
Channel Partners,United States of America, Amarilla , None ,,260.0,12.0,,,,,,2014-01-04,4, April ,2014
Enterprise,Germany, Amarilla , None ,,260.0,125.0,,,,,,2014-01-04,4, April ,2014
Government,France, Amarilla , None ,,260.0,20.0,,,,,,2014-01-06,6, June ,2014
Government,Germany, Amarilla , None ,,260.0,7.0,,,,,,2014-01-07,7, July ,2014
Channel Partners,United States of America, Amarilla , None ,,260.0,12.0,,,,,,2014-01-08,8, August ,2014
Government,United States of America, Amarilla , None ,,260.0,7.0,,,,,,2014-01-10,10, October ,2014
Midmarket,United States of America, Amarilla , None ,,260.0,15.0,,,,,,2014-01-12,12, December ,2014
Government,France, Paseo , Low ,,10.0,7.0,,276.15,,,,2014-01-01,1, January ,2014
Midmarket,France, Paseo , Low ,,10.0,15.0,,344.4,,,,2014-01-02,2, February ,2014
Government,France, Paseo , Low ,,10.0,7.0,,72.1,,,,2014-01-05,5, May ,2014
Government,France, Velo , Low ,,120.0,7.0,,44.73,,,,2014-01-11,11, November ,2014
Government,Canada, VTT , Low ,,250.0,7.0,,92.82,,,,2014-01-03,3, March ,2014
Channel Partners,United States of America, Carretera , Low ,,3.0,12.0,,222.96,,,,2014-01-02,2, February ,2014
Government,Mexico, Carretera , Low ,,3.0,350.0,,4235.0,,,,2014-01-03,3, March ,2014
Government,United States of America, Carretera , Low ,,3.0,7.0,,177.03,,,,2014-01-07,7, July ,2014
Channel Partners,Canada, Carretera , Low ,,3.0,12.0,,173.4,,,,2014-01-09,9, September ,2014
Enterprise,United States of America, Carretera , Low ,,3.0,125.0,,412.5,,,,2013-01-09,9, September ,2013
Channel Partners,France, Carretera , Low ,,3.0,12.0,,320.52,,,,2014-01-09,9, September ,2014
Channel Partners,Germany, Carretera , Low ,,3.0,12.0,,91.92,,,,2013-01-10,10, October ,2013
Small Business,Mexico, Carretera , Low ,,3.0,300.0,,1482.0,,,,2013-01-10,10, October ,2013
Government,Mexico, Carretera , Low ,,3.0,350.0,,4889.5,,,,2014-01-10,10, October ,2014
Government,France, Carretera , Low ,,3.0,350.0,,7542.5,,,,2014-01-12,12, December ,2014
Midmarket,Mexico, Montana , Low ,,5.0,15.0,,332.1,,,,2014-01-03,3, March ,2014
Small Business,United States of America, Montana , Low ,,5.0,300.0,,6903.0,,,,2014-01-04,4, April ,2014
Government,France, Montana , Low ,,5.0,20.0,,275.1,,,,2014-01-07,7, July ,2014
Government,Canada, Montana , Low ,,5.0,7.0,,128.1,,,,2014-01-08,8, August ,2014
Small Business,United States of America, Montana , Low ,,5.0,300.0,,7494.0,,,,2013-01-09,9, September ,2013
Enterprise,United States of America, Montana , Low ,,5.0,125.0,,828.75,,,,2013-01-10,10, October ,2013
Midmarket,United States of America, Paseo , Low ,,10.0,15.0,,227.1,,,,2014-01-02,2, February ,2014
Government,United States of America, Paseo , Low ,,10.0,7.0,,314.48,,,,2014-01-04,4, April ,2014
Enterprise,United States of America, Paseo , Low ,,10.0,125.0,,908.75,,,,2014-01-06,6, June ,2014
Enterprise,France, Paseo , Low ,,10.0,125.0,,983.75,,,,2014-01-06,6, June ,2014
Enterprise,Mexico, Paseo , Low ,,10.0,125.0,,2278.75,,,,2014-01-07,7, July ,2014
Midmarket,Germany, Paseo , Low ,,10.0,15.0,,112.05,,,,2014-01-09,9, September ,2014
Channel Partners,Germany, Paseo , Low ,,10.0,12.0,,91.92,,,,2013-01-10,10, October ,2013
Small Business,United States of America, Paseo , Low ,,10.0,300.0,,8715.0,,,,2014-01-11,11, November ,2014
Government,France, Paseo , Low ,,10.0,350.0,,7542.5,,,,2014-01-12,12, December ,2014
Government,France, Velo , Low ,,120.0,20.0,,772.8,,,,2014-01-04,4, April ,2014
Government,Mexico, Velo , Low ,,120.0,7.0,,25.34,,,,2014-01-05,5, May ,2014
Enterprise,Canada, Velo , Low ,,120.0,125.0,,1153.75,,,,2014-01-08,8, August ,2014
Enterprise,United States of America, Velo , Low ,,120.0,125.0,,828.75,,,,2013-01-10,10, October ,2013
Government,Canada, Velo , Low ,,120.0,7.0,,146.44,,,,2013-01-11,11, November ,2013
Government,Germany, VTT , Low ,,250.0,7.0,,18.41,,,,2014-01-03,3, March ,2014
Government,Canada, VTT , Low ,,250.0,350.0,,3302.25,,,,2014-01-04,4, April ,2014
Enterprise,United States of America, VTT , Low ,,250.0,125.0,,908.75,,,,2014-01-06,6, June ,2014
Enterprise,France, VTT , Low ,,250.0,125.0,,983.75,,,,2014-01-06,6, June ,2014
Small Business,Germany, VTT , Low ,,250.0,300.0,,2958.0,,,,2014-01-09,9, September ,2014
Small Business,Mexico, VTT , Low ,,250.0,300.0,,1482.0,,,,2013-01-10,10, October ,2013
Government,Mexico, VTT , Low ,,250.0,350.0,,4889.5,,,,2014-01-10,10, October ,2014
Enterprise,France, VTT , Low ,,250.0,125.0,,2180.0,,,,2014-01-11,11, November ,2014
Channel Partners,United States of America, Amarilla , Low ,,260.0,12.0,,238.68,,,,2013-01-09,9, September ,2013
Midmarket,France, Amarilla , Low ,,260.0,15.0,,48.15,,,,2013-01-11,11, November ,2013
Enterprise,Canada, Carretera , Low ,,3.0,125.0,,1856.25,,,,2014-01-04,4, April ,2014
Channel Partners,Canada, Carretera , Low ,,3.0,12.0,,310.8,,,,2014-01-10,10, October ,2014
Small Business,Germany, Carretera , Low ,,3.0,300.0,,1284.0,,,,2013-01-10,10, October ,2013
Government,France, Carretera , Low ,,3.0,7.0,,300.3,,,,2013-01-11,11, November ,2013
Government,Canada, Carretera , Low ,,3.0,350.0,,19964.0,,,,2014-01-12,12, December ,2014
Channel Partners,United States of America, Montana , Low ,,5.0,12.0,,274.08,,,,2014-01-06,6, June ,2014
Government,United States of America, Montana , Low ,,5.0,20.0,,626.4,,,,2014-01-10,10, October ,2014
Channel Partners,Mexico, Montana , Low ,,5.0,12.0,,165.6,,,,2014-01-11,11, November ,2014
Enterprise,Mexico, Montana , Low ,,5.0,125.0,,4150.0,,,,2013-01-11,11, November ,2013
Midmarket,Canada, Paseo , Low ,,10.0,15.0,,708.9,,,,2014-01-02,2, February ,2014
Small Business,France, Paseo , Low ,,10.0,300.0,,5508.0,,,,2014-01-05,5, May ,2014
Small Business,Germany, Paseo , Low ,,10.0,300.0,,10368.0,,,,2014-01-05,5, May ,2014
Channel Partners,United States of America, Paseo , Low ,,10.0,12.0,,274.08,,,,2014-01-06,6, June ,2014
Enterprise,Mexico, Paseo , Low ,,10.0,125.0,,1655.0,,,,2014-01-06,6, June ,2014
Channel Partners,Canada, Paseo , Low ,,10.0,12.0,,310.8,,,,2014-01-10,10, October ,2014
Enterprise,Germany, Paseo , Low ,,10.0,125.0,,2022.5,,,,2013-01-10,10, October ,2013
Enterprise,Mexico, Paseo , Low ,,10.0,125.0,,5362.5,,,,2013-01-10,10, October ,2013
Channel Partners,France, Paseo , Low ,,10.0,12.0,,428.4,,,,2013-01-11,11, November ,2013
Small Business,Canada, Paseo , Low ,,10.0,300.0,,11496.0,,,,2014-01-12,12, December ,2014
Government,Canada, Paseo , Low ,,10.0,350.0,,19964.0,,,,2014-01-12,12, December ,2014
Enterprise,Canada, Paseo , Low ,,10.0,125.0,,6822.5,,,,2014-01-12,12, December ,2014
Midmarket,United States of America, Paseo , Low ,,10.0,15.0,,577.5,,,,2013-01-12,12, December ,2013
Government,United States of America, Paseo , Low ,,10.0,7.0,,281.82,,,,2013-01-12,12, December ,2013
Channel Partners,France, Paseo , Low ,,10.0,12.0,,253.2,,,,2014-01-12,12, December ,2014
Channel Partners,Mexico, Paseo , Low ,,10.0,12.0,,260.16,,,,2014-01-12,12, December ,2014
Government,United States of America, Velo , Low ,,120.0,20.0,,626.4,,,,2014-01-10,10, October ,2014
Government,Germany, Velo , Low ,,120.0,350.0,,20762.0,,,,2013-01-10,10, October ,2013
Government,Germany, Velo , Low ,,120.0,350.0,,20139.0,,,,2014-01-10,10, October ,2014
Enterprise,Germany, Velo , Low ,,120.0,125.0,,2022.5,,,,2013-01-10,10, October ,2013
Enterprise,Mexico, Velo , Low ,,120.0,125.0,,5362.5,,,,2013-01-10,10, October ,2013
Channel Partners,France, Velo , Low ,,120.0,12.0,,253.2,,,,2014-01-12,12, December ,2014
Government,Mexico, Velo , Low ,,120.0,20.0,,217.6,,,,2013-01-12,12, December ,2013
Channel Partners,Mexico, Velo , Low ,,120.0,12.0,,260.16,,,,2014-01-12,12, December ,2014
Enterprise,Mexico, VTT , Low ,,250.0,125.0,,1655.0,,,,2014-01-06,6, June ,2014
Small Business,Germany, VTT , Low ,,250.0,300.0,,1284.0,,,,2013-01-10,10, October ,2013
Government,Germany, VTT , Low ,,250.0,350.0,,20139.0,,,,2014-01-10,10, October ,2014
Enterprise,Canada, VTT , Low ,,250.0,125.0,,6822.5,,,,2014-01-12,12, December ,2014
Government,United States of America, VTT , Low ,,250.0,350.0,,1862.0,,,,2013-01-12,12, December ,2013
Government,Mexico, VTT , Low ,,250.0,350.0,,13580.0,,,,2013-01-12,12, December ,2013
Small Business,Germany, Amarilla , Low ,,260.0,300.0,,1554.0,,,,2014-01-03,3, March ,2014
Small Business,Mexico, Amarilla , Low ,,260.0,300.0,,6606.0,,,,2014-01-03,3, March ,2014
Enterprise,Germany, Amarilla , Low ,,260.0,125.0,,5690.0,,,,2014-01-05,5, May ,2014
Government,Germany, Amarilla , Low ,,260.0,350.0,,20762.0,,,,2013-01-10,10, October ,2013
Government,United States of America, Amarilla , Low ,,260.0,20.0,,494.4,,,,2014-01-11,11, November ,2014
Government,France, Amarilla , Low ,,260.0,20.0,,376.4,,,,2014-01-11,11, November ,2014
Small Business,Canada, Amarilla , Low ,,260.0,300.0,,11496.0,,,,2014-01-12,12, December ,2014
Enterprise,France, Carretera , Low ,,3.0,125.0,,15913.13,,,,2014-01-04,4, April ,2014
Government,Germany, Carretera , Low ,,3.0,20.0,,1548.0,,,,2014-01-04,4, April ,2014
Small Business,Germany, Carretera , Low ,,3.0,300.0,,6201.0,,,,2014-01-06,6, June ,2014
Channel Partners,United States of America, Carretera , Low ,,3.0,12.0,,700.92,,,,2014-01-09,9, September ,2014
Channel Partners,Canada, Carretera , Low ,,3.0,12.0,,326.88,,,,2013-01-12,12, December ,2013
Government,Germany, Montana , Low ,,5.0,7.0,,411.18,,,,2014-01-02,2, February ,2014
Channel Partners,France, Montana , Low ,,5.0,12.0,,684.36,,,,2014-01-06,6, June ,2014
Government,France, Montana , Low ,,5.0,7.0,,114.24,,,,2014-01-09,9, September ,2014
Government,Germany, Montana , Low ,,5.0,350.0,,18868.5,,,,2013-01-09,9, September ,2013
Enterprise,France, Montana , Low ,,5.0,125.0,,4826.25,,,,2014-01-12,12, December ,2014
Enterprise,Germany, Montana , Low ,,5.0,125.0,,6397.5,,,,2014-01-12,12, December ,2014
Small Business,France, Paseo , Low ,,10.0,300.0,,21910.5,,,,2014-01-01,1, January ,2014
Enterprise,Canada, Paseo , Low ,,10.0,125.0,,6652.5,,,,2014-01-03,3, March ,2014
Channel Partners,France, Paseo , Low ,,10.0,12.0,,684.36,,,,2014-01-06,6, June ,2014
Small Business,Germany, Paseo , Low ,,10.0,300.0,,6201.0,,,,2014-01-06,6, June ,2014
Enterprise,Germany, Paseo , Low ,,10.0,125.0,,5887.5,,,,2014-01-06,6, June ,2014
Channel Partners,United States of America, Paseo , Low ,,10.0,12.0,,493.02,,,,2014-01-07,7, July ,2014
Enterprise,Canada, Paseo , Low ,,10.0,125.0,,7533.75,,,,2014-01-10,10, October ,2014
Midmarket,Germany, Paseo , Low ,,10.0,15.0,,875.25,,,,2013-01-10,10, October ,2013
Enterprise,France, Paseo , Low ,,10.0,125.0,,4826.25,,,,2014-01-12,12, December ,2014
Enterprise,Germany, Paseo , Low ,,10.0,125.0,,6397.5,,,,2014-01-12,12, December ,2014
Enterprise,Canada, Velo , Low ,,120.0,125.0,,7533.75,,,,2014-01-10,10, October ,2014
Small Business,United States of America, VTT , Low ,,250.0,300.0,,25596.0,,,,2014-01-02,2, February ,2014
Channel Partners,Mexico, VTT , Low ,,250.0,12.0,,689.76,,,,2014-01-04,4, April ,2014
Enterprise,Germany, VTT , Low ,,250.0,125.0,,5887.5,,,,2014-01-06,6, June ,2014
Small Business,Canada, VTT , Low ,,250.0,300.0,,16866.0,,,,2014-01-08,8, August ,2014
Government,Mexico, VTT , Low ,,250.0,350.0,,17241.0,,,,2014-01-08,8, August ,2014
Midmarket,Germany, VTT , Low ,,250.0,15.0,,875.25,,,,2013-01-10,10, October ,2013
Government,Canada, Carretera , Low ,,3.0,20.0,,498.6,,,,2014-01-05,5, May ,2014
Government,Mexico, Paseo , Low ,,10.0,7.0,,369.6,,,,2013-01-09,9, September ,2013
Government,Canada, Velo , Low ,,120.0,20.0,,2310.3,,,,2014-01-04,4, April ,2014
Channel Partners,Germany, VTT , Low ,,250.0,12.0,,892.44,,,,2014-01-01,1, January ,2014
Midmarket,Mexico, Montana , Low ,,5.0,15.0,,1218.6,,,,2014-01-10,10, October ,2014
Midmarket,Mexico, Paseo , Low ,,10.0,15.0,,1218.6,,,,2014-01-10,10, October ,2014
Midmarket,France, Paseo , Low ,,10.0,15.0,,1356.6,,,,2013-01-12,12, December ,2013
Government,United States of America, Velo , Low ,,120.0,20.0,,588.8,,,,2013-01-09,9, September ,2013
Government,Canada, Carretera , Low ,,3.0,7.0,,798.28,,,,2013-01-10,10, October ,2013
Small Business,Germany, Carretera , Low ,,3.0,300.0,,24252.0,,,,2014-01-10,10, October ,2014
Government,United States of America, Carretera , Low ,,3.0,350.0,,3836.0,,,,2014-01-12,12, December ,2014
Midmarket,Canada, Montana , Low ,,5.0,15.0,,1180.2,,,,2014-01-03,3, March ,2014
Small Business,Germany, Montana , Low ,,5.0,300.0,,22308.0,,,,2014-01-08,8, August ,2014
Government,Canada, Montana , Low ,,5.0,7.0,,798.28,,,,2013-01-10,10, October ,2013
Small Business,Germany, Montana , Low ,,5.0,300.0,,24252.0,,,,2014-01-10,10, October ,2014
Enterprise,Mexico, Montana , Low ,,5.0,125.0,,5690.0,,,,2014-01-12,12, December ,2014
Government,Canada, Paseo , Low ,,10.0,7.0,,1190.28,,,,2014-01-01,1, January ,2014
Enterprise,Germany, Paseo , Low ,,10.0,125.0,,3975.0,,,,2014-01-03,3, March ,2014
Small Business,Germany, Paseo , Low ,,10.0,300.0,,16974.0,,,,2014-01-04,4, April ,2014
Small Business,United States of America, Paseo , Low ,,10.0,300.0,,35016.0,,,,2014-01-05,5, May ,2014
Government,United States of America, Paseo , Low ,,10.0,350.0,,45431.625,,,,2014-01-07,7, July ,2014
Enterprise,France, Paseo , Low ,,10.0,125.0,,14940.0,,,,2014-01-07,7, July ,2014
Midmarket,Canada, Paseo , Low ,,10.0,15.0,,130.8,,,,2014-01-09,9, September ,2014
Government,Canada, Paseo , Low ,,10.0,20.0,,1659.2,,,,2014-01-09,9, September ,2014
Government,United States of America, Paseo , Low ,,10.0,20.0,,844.8,,,,2014-01-09,9, September ,2014
Midmarket,United States of America, Paseo , Low ,,10.0,15.0,,402.6,,,,2013-01-10,10, October ,2013
Midmarket,Mexico, Paseo , Low ,,10.0,15.0,,908.4,,,,2013-01-10,10, October ,2013
Government,United States of America, Paseo , Low ,,10.0,350.0,,3836.0,,,,2014-01-12,12, December ,2014
Enterprise,Mexico, Paseo , Low ,,10.0,125.0,,5690.0,,,,2014-01-12,12, December ,2014
Channel Partners,United States of America, Velo , Low ,,120.0,12.0,,703.2,,,,2014-01-03,3, March ,2014
Government,Canada, Velo , Low ,,120.0,20.0,,2116.8,,,,2013-01-09,9, September ,2013
Government,France, Velo , Low ,,120.0,350.0,,30478.0,,,,2014-01-10,10, October ,2014
Channel Partners,France, VTT , Low ,,250.0,12.0,,415.68,,,,2014-01-05,5, May ,2014
Government,United States of America, VTT , Low ,,250.0,350.0,,4886.0,,,,2013-01-09,9, September ,2013
Government,France, VTT , Low ,,250.0,350.0,,30478.0,,,,2014-01-10,10, October ,2014
Midmarket,Mexico, VTT , Low ,,250.0,15.0,,908.4,,,,2013-01-10,10, October ,2013
Government,Mexico, Amarilla , Low ,,260.0,350.0,,26110.0,,,,2014-01-02,2, February ,2014
Enterprise,Mexico, Amarilla , Low ,,260.0,125.0,,5370.0,,,,2014-01-04,4, April ,2014
Government,Germany, Amarilla , Low ,,260.0,350.0,,26698.0,,,,2014-01-09,9, September ,2014
Midmarket,United States of America, Amarilla , Low ,,260.0,15.0,,402.6,,,,2013-01-10,10, October ,2013
Government,Canada, Amarilla , Low ,,260.0,350.0,,24892.0,,,,2013-01-12,12, December ,2013
Government,Germany, Montana , Medium ,,5.0,7.0,,405.65,,,,2013-01-10,10, October ,2013
Government,Germany, Paseo , Medium ,,10.0,7.0,,480.2,,,,2014-01-01,1, January ,2014
Government,Canada, Paseo , Medium ,,10.0,7.0,,822.15,,,,2013-01-09,9, September ,2013
Government,Mexico, Paseo , Medium ,,10.0,7.0,,941.15,,,,2014-01-10,10, October ,2014
Channel Partners,Canada, Paseo , Medium ,,10.0,12.0,,1458.6,,,,2014-01-12,12, December ,2014
Channel Partners,Canada, Velo , Medium ,,120.0,12.0,,1458.6,,,,2014-01-12,12, December ,2014
Government,Mexico, VTT , Medium ,,250.0,7.0,,941.15,,,,2014-01-10,10, October ,2014
Government,Mexico, Amarilla , Medium ,,260.0,7.0,,589.05,,,,2014-01-07,7, July ,2014
Channel Partners,Mexico, Amarilla , Medium ,,260.0,12.0,,673.8,,,,2014-01-08,8, August ,2014
Government,Germany, Amarilla , Medium ,,260.0,7.0,,405.65,,,,2013-01-10,10, October ,2013
Channel Partners,France, Carretera , Medium ,,3.0,12.0,,1119.0,,,,2014-01-02,2, February ,2014
Channel Partners,Germany, Carretera , Medium ,,3.0,12.0,,669.6,,,,2014-01-02,2, February ,2014
Government,France, Carretera , Medium ,,3.0,20.0,,1563.0,,,,2014-01-05,5, May ,2014
Small Business,United States of America, Carretera , Medium ,,3.0,300.0,,14865.0,,,,2014-01-06,6, June ,2014
Government,Germany, Carretera , Medium ,,3.0,7.0,,355.6,,,,2013-01-11,11, November ,2013
Midmarket,Mexico, Carretera , Medium ,,3.0,15.0,,2093.25,,,,2014-01-11,11, November ,2014
Government,United States of America, Carretera , Medium ,,3.0,7.0,,199.5,,,,2014-01-12,12, December ,2014
Government,France, Carretera , Medium ,,3.0,7.0,,870.45,,,,2014-01-12,12, December ,2014
Government,France, Montana , Medium ,,5.0,350.0,,24228.75,,,,2014-01-01,1, January ,2014
Enterprise,United States of America, Montana , Medium ,,5.0,125.0,,22668.75,,,,2014-01-07,7, July ,2014
Government,Mexico, Montana , Medium ,,5.0,350.0,,12600.0,,,,2013-01-09,9, September ,2013
Channel Partners,Germany, Montana , Medium ,,5.0,12.0,,1405.2,,,,2014-01-11,11, November ,2014
Small Business,Mexico, Montana , Medium ,,5.0,300.0,,16500.0,,,,2013-01-12,12, December ,2013
Government,France, Paseo , Medium ,,10.0,20.0,,1303.0,,,,2014-01-02,2, February ,2014
Enterprise,United States of America, Paseo , Medium ,,10.0,125.0,,18700.0,,,,2014-01-03,3, March ,2014
Enterprise,France, Paseo , Medium ,,10.0,125.0,,14906.25,,,,2014-01-03,3, March ,2014
Small Business,Mexico, Paseo , Medium ,,10.0,300.0,,24105.0,,,,2014-01-04,4, April ,2014
Government,United States of America, Paseo , Medium ,,10.0,7.0,,814.45,,,,2014-01-05,5, May ,2014
Small Business,United States of America, Paseo , Medium ,,10.0,300.0,,14865.0,,,,2014-01-06,6, June ,2014
Government,United States of America, Paseo , Medium ,,10.0,350.0,,10535.0,,,,2014-01-06,6, June ,2014
Midmarket,France, Paseo , Medium ,,10.0,15.0,,1965.0,,,,2014-01-09,9, September ,2014
Government,Canada, Paseo , Medium ,,10.0,350.0,,21490.0,,,,2013-01-10,10, October ,2013
Government,Canada, Paseo , Medium ,,10.0,20.0,,1389.0,,,,2013-01-10,10, October ,2013
Enterprise,United States of America, Paseo , Medium ,,10.0,125.0,,5381.25,,,,2014-01-10,10, October ,2014
Enterprise,France, Paseo , Medium ,,10.0,125.0,,4400.0,,,,2013-01-10,10, October ,2013
Government,Canada, Paseo , Medium ,,10.0,20.0,,1802.0,,,,2013-01-12,12, December ,2013
Government,United States of America, Paseo , Medium ,,10.0,20.0,,2663.0,,,,2014-01-12,12, December ,2014
Government,France, Paseo , Medium ,,10.0,7.0,,747.6,,,,2013-01-12,12, December ,2013
Midmarket,Germany, Paseo , Medium ,,10.0,15.0,,1587.0,,,,2013-01-12,12, December ,2013
Midmarket,United States of America, Velo , Medium ,,120.0,15.0,,416.25,,,,2014-01-01,1, January ,2014
Midmarket,Mexico, Velo , Medium ,,120.0,15.0,,2145.75,,,,2014-01-01,1, January ,2014
Enterprise,Germany, Velo , Medium ,,120.0,125.0,,5043.75,,,,2014-01-02,2, February ,2014
Government,United States of America, Velo , Medium ,,120.0,350.0,,10535.0,,,,2014-01-06,6, June ,2014
Government,United States of America, Velo , Medium ,,120.0,20.0,,2832.0,,,,2014-01-08,8, August ,2014
Government,France, Velo , Medium ,,120.0,20.0,,1579.0,,,,2014-01-08,8, August ,2014
Enterprise,United States of America, Velo , Medium ,,120.0,125.0,,5381.25,,,,2014-01-10,10, October ,2014
Enterprise,France, Velo , Medium ,,120.0,125.0,,4400.0,,,,2013-01-10,10, October ,2013
Government,France, Velo , Medium ,,120.0,20.0,,1033.0,,,,2013-01-12,12, December ,2013
Small Business,Germany, Velo , Medium ,,120.0,300.0,,18750.0,,,,2014-01-12,12, December ,2014
Government,Canada, VTT , Medium ,,250.0,20.0,,1389.0,,,,2013-01-10,10, October ,2013
Government,United States of America, VTT , Medium ,,250.0,20.0,,1265.0,,,,2013-01-11,11, November ,2013
Government,Germany, VTT , Medium ,,250.0,20.0,,2297.0,,,,2013-01-11,11, November ,2013
Government,United States of America, VTT , Medium ,,250.0,20.0,,2663.0,,,,2014-01-12,12, December ,2014
Government,United States of America, VTT , Medium ,,250.0,7.0,,199.5,,,,2014-01-12,12, December ,2014
Government,France, VTT , Medium ,,250.0,7.0,,870.45,,,,2014-01-12,12, December ,2014
Government,Germany, Amarilla , Medium ,,260.0,350.0,,23625.0,,,,2014-01-02,2, February ,2014
Government,Canada, Amarilla , Medium ,,260.0,350.0,,9660.0,,,,2014-01-08,8, August ,2014
Government,Canada, Amarilla , Medium ,,260.0,350.0,,21490.0,,,,2013-01-10,10, October ,2013
Small Business,Germany, Amarilla , Medium ,,260.0,300.0,,18750.0,,,,2014-01-12,12, December ,2014
Midmarket,France, Paseo , Medium ,,10.0,15.0,,3420.9,,,,2014-01-04,4, April ,2014
Government,United States of America, Carretera , Medium ,,3.0,20.0,,1341.0,,,,2014-01-01,1, January ,2014
Midmarket,Canada, Carretera , Medium ,,3.0,15.0,,2559.6,,,,2014-01-06,6, June ,2014
Channel Partners,Mexico, Carretera , Medium ,,3.0,12.0,,404.64,,,,2014-01-09,9, September ,2014
Channel Partners,Canada, Carretera , Medium ,,3.0,12.0,,1655.28,,,,2013-01-10,10, October ,2013
Midmarket,United States of America, Carretera , Medium ,,3.0,15.0,,1827.0,,,,2014-01-11,11, November ,2014
Government,United States of America, Carretera , Medium ,,3.0,7.0,,110.46,,,,2013-01-11,11, November ,2013
Enterprise,Germany, Carretera , Medium ,,3.0,125.0,,6652.5,,,,2013-01-12,12, December ,2013
Government,Mexico, Montana , Medium ,,5.0,350.0,,20580.0,,,,2014-01-04,4, April ,2014
Government,Germany, Montana , Medium ,,5.0,350.0,,30660.0,,,,2014-01-05,5, May ,2014
Government,France, Montana , Medium ,,5.0,7.0,,589.26,,,,2013-01-10,10, October ,2013
Channel Partners,United States of America, Montana , Medium ,,5.0,12.0,,1960.56,,,,2014-01-11,11, November ,2014
Government,France, Paseo , Medium ,,10.0,350.0,,31416.0,,,,2014-01-06,6, June ,2014
Channel Partners,Canada, Paseo , Medium ,,10.0,12.0,,1655.28,,,,2013-01-10,10, October ,2013
Government,United States of America, Paseo , Medium ,,10.0,350.0,,15267.0,,,,2013-01-10,10, October ,2013
Enterprise,Canada, Velo , Medium ,,120.0,125.0,,7140.0,,,,2014-01-02,2, February ,2014
Enterprise,United States of America, Velo , Medium ,,120.0,125.0,,20662.5,,,,2014-01-02,2, February ,2014
Midmarket,Germany, Velo , Medium ,,120.0,15.0,,1377.0,,,,2014-01-05,5, May ,2014
Government,France, Velo , Medium ,,120.0,350.0,,31416.0,,,,2014-01-06,6, June ,2014
Government,Mexico, Velo , Medium ,,120.0,7.0,,629.16,,,,2014-01-06,6, June ,2014
Small Business,France, Velo , Medium ,,120.0,300.0,,21978.0,,,,2013-01-10,10, October ,2013
Government,France, Velo , Medium ,,120.0,350.0,,43596.0,,,,2013-01-10,10, October ,2013
Midmarket,Canada, VTT , Medium ,,250.0,15.0,,2559.6,,,,2014-01-06,6, June ,2014
Government,Mexico, VTT , Medium ,,250.0,7.0,,629.16,,,,2014-01-06,6, June ,2014
Small Business,France, VTT , Medium ,,250.0,300.0,,21978.0,,,,2013-01-10,10, October ,2013
Government,Mexico, VTT , Medium ,,250.0,20.0,,1347.6,,,,2013-01-11,11, November ,2013
Small Business,Canada, VTT , Medium ,,250.0,300.0,,43848.0,,,,2013-01-12,12, December ,2013
Enterprise,France, Amarilla , Medium ,,260.0,125.0,,14906.25,,,,2014-01-01,1, January ,2014
Government,Mexico, Amarilla , Medium ,,260.0,350.0,,35259.0,,,,2014-01-09,9, September ,2014
Government,United States of America, Amarilla , Medium ,,260.0,350.0,,15267.0,,,,2013-01-10,10, October ,2013
Government,France, Amarilla , Medium ,,260.0,7.0,,589.26,,,,2013-01-10,10, October ,2013
Government,France, Amarilla , Medium ,,260.0,350.0,,43596.0,,,,2013-01-10,10, October ,2013
Government,France, Montana , Medium ,,5.0,20.0,,2108.4,,,,2013-01-10,10, October ,2013
Midmarket,United States of America, Paseo , Medium ,,10.0,15.0,,1978.2,,,,2014-01-08,8, August ,2014
Midmarket,Germany, Paseo , Medium ,,10.0,15.0,,1568.7,,,,2014-01-08,8, August ,2014
Midmarket,United States of America, Paseo , Medium ,,10.0,15.0,,1037.7,,,,2014-01-10,10, October ,2014
Government,France, Paseo , Medium ,,10.0,20.0,,2108.4,,,,2013-01-10,10, October ,2013
Government,Germany, Velo , Medium ,,120.0,20.0,,1201.2,,,,2014-01-08,8, August ,2014
Government,Mexico, Velo , Medium ,,120.0,7.0,,559.86,,,,2014-01-11,11, November ,2014
Midmarket,United States of America, VTT , Medium ,,250.0,15.0,,1037.7,,,,2014-01-10,10, October ,2014
Channel Partners,Mexico, Carretera , Medium ,,3.0,12.0,,610.68,,,,2014-01-02,2, February ,2014
Channel Partners,Canada, Carretera , Medium ,,3.0,12.0,,1582.56,,,,2014-01-08,8, August ,2014
Government,Mexico, Carretera , Medium ,,3.0,20.0,,2567.6,,,,2013-01-09,9, September ,2013
Channel Partners,Mexico, Montana , Medium ,,5.0,12.0,,1965.6,,,,2014-01-01,1, January ,2014
Channel Partners,France, Montana , Medium ,,5.0,12.0,,1967.28,,,,2014-01-11,11, November ,2014
Government,France, Paseo , Medium ,,10.0,7.0,,505.19,,,,2013-01-09,9, September ,2013
Midmarket,Canada, Velo , Medium ,,120.0,15.0,,1325.1,,,,2014-01-05,5, May ,2014
Government,Canada, Velo , Medium ,,120.0,7.0,,556.15,,,,2014-01-06,6, June ,2014
Government,United States of America, Velo , Medium ,,120.0,7.0,,268.03,,,,2014-01-11,11, November ,2014
Government,Canada, Velo , Medium ,,120.0,7.0,,775.18,,,,2014-01-12,12, December ,2014
Channel Partners,France, VTT , Medium ,,250.0,12.0,,1460.34,,,,2014-01-04,4, April ,2014
Channel Partners,Germany, VTT , Medium ,,250.0,12.0,,1860.6,,,,2013-01-09,9, September ,2013
Government,Canada, VTT , Medium ,,250.0,7.0,,775.18,,,,2014-01-12,12, December ,2014
Government,Canada, Amarilla , Medium ,,260.0,7.0,,556.15,,,,2014-01-06,6, June ,2014
Government,United States of America, Carretera , Medium ,,3.0,350.0,,43144.5,,,,2014-01-03,3, March ,2014
Small Business,France, Carretera , Medium ,,3.0,300.0,,9408.0,,,,2014-01-06,6, June ,2014
Small Business,France, Carretera , Medium ,,3.0,300.0,,45431.625,,,,2014-01-10,10, October ,2014
Government,France, Montana , Medium ,,5.0,20.0,,2766.4,,,,2014-01-10,10, October ,2014
Small Business,France, Montana , Medium ,,5.0,300.0,,45431.625,,,,2014-01-10,10, October ,2014
Enterprise,Germany, Montana , Medium ,,5.0,125.0,,21875.0,,,,2013-01-11,11, November ,2013
Small Business,Canada, Paseo , Medium ,,10.0,300.0,,35742.0,,,,2014-01-05,5, May ,2014
Small Business,France, Paseo , Medium ,,10.0,300.0,,9408.0,,,,2014-01-06,6, June ,2014
Enterprise,Germany, Paseo , Medium ,,10.0,125.0,,30738.75,,,,2014-01-07,7, July ,2014
Midmarket,France, Paseo , Medium ,,10.0,15.0,,2206.05,,,,2014-01-08,8, August ,2014
Midmarket,United States of America, Paseo , Medium ,,10.0,15.0,,3077.55,,,,2013-01-09,9, September ,2013
Government,France, Paseo , Medium ,,10.0,20.0,,2149.0,,,,2014-01-09,9, September ,2014
Small Business,Germany, Paseo , Medium ,,10.0,300.0,,23583.0,,,,2013-01-09,9, September ,2013
Small Business,Canada, Paseo , Medium ,,10.0,300.0,,29484.0,,,,2013-01-11,11, November ,2013
Channel Partners,Mexico, Paseo , Medium ,,10.0,12.0,,2320.92,,,,2013-01-11,11, November ,2013
Government,Germany, Paseo , Medium ,,10.0,7.0,,1041.25,,,,2013-01-12,12, December ,2013
Small Business,France, Velo , Medium ,,120.0,300.0,,34839.0,,,,2014-01-07,7, July ,2014
Government,Mexico, Velo , Medium ,,120.0,20.0,,852.6,,,,2014-01-08,8, August ,2014
Enterprise,Germany, Velo , Medium ,,120.0,125.0,,18261.25,,,,2014-01-09,9, September ,2014
Government,France, Velo , Medium ,,120.0,20.0,,2766.4,,,,2014-01-10,10, October ,2014
Government,United States of America, Velo , Medium ,,120.0,20.0,,1989.4,,,,2013-01-12,12, December ,2013
Small Business,United States of America, Velo , Medium ,,120.0,300.0,,28812.0,,,,2014-01-12,12, December ,2014
Government,Germany, Velo , Medium ,,120.0,20.0,,823.2,,,,2013-01-12,12, December ,2013
Channel Partners,Canada, VTT , Medium ,,250.0,12.0,,2725.38,,,,2014-01-01,1, January ,2014
Small Business,France, VTT , Medium ,,250.0,300.0,,20139.0,,,,2014-01-02,2, February ,2014
Small Business,Mexico, VTT , Medium ,,250.0,300.0,,45431.625,,,,2014-01-02,2, February ,2014
Enterprise,Canada, Amarilla , Medium ,,260.0,125.0,,14393.75,,,,2014-01-05,5, May ,2014
Government,France, Amarilla , Medium ,,260.0,350.0,,45431.625,,,,2014-01-09,9, September ,2014
Enterprise,Germany, Amarilla , Medium ,,260.0,125.0,,8697.5,,,,2013-01-09,9, September ,2013
Government,Canada, Amarilla , Medium ,,260.0,20.0,,1565.2,,,,2014-01-11,11, November ,2014
Small Business,United States of America, Amarilla , Medium ,,260.0,300.0,,28812.0,,,,2014-01-12,12, December ,2014
Government,Canada, Montana , Medium ,,5.0,7.0,,273.28,,,,2014-01-02,2, February ,2014
Government,United States of America, Montana , Medium ,,5.0,20.0,,2051.2,,,,2014-01-06,6, June ,2014
Government,Canada, Paseo , Medium ,,10.0,7.0,,143.92,,,,2014-01-05,5, May ,2014
Government,United States of America, Amarilla , Medium ,,260.0,20.0,,2051.2,,,,2014-01-06,6, June ,2014
Enterprise,Mexico, Carretera , Medium ,,3.0,125.0,,15400.0,,,,2014-01-08,8, August ,2014
Midmarket,France, Carretera , Medium ,,3.0,15.0,,588.0,,,,2014-01-11,11, November ,2014
Government,Mexico, Carretera , Medium ,,3.0,350.0,,38136.0,,,,2014-01-12,12, December ,2014
Midmarket,France, Montana , Medium ,,5.0,15.0,,3001.2,,,,2014-01-03,3, March ,2014
Government,Canada, Montana , Medium ,,5.0,20.0,,1132.8,,,,2014-01-06,6, June ,2014
Government,Germany, Montana , Medium ,,5.0,20.0,,1032.0,,,,2014-01-07,7, July ,2014
Small Business,France, Montana , Medium ,,5.0,300.0,,37488.0,,,,2014-01-08,8, August ,2014
Small Business,Canada, Montana , Medium ,,5.0,300.0,,30792.0,,,,2013-01-09,9, September ,2013
Midmarket,Germany, Montana , Medium ,,5.0,15.0,,853.2,,,,2014-01-12,12, December ,2014
Enterprise,Mexico, Paseo , Medium ,,10.0,125.0,,11140.0,,,,2014-01-03,3, March ,2014
Government,Germany, Paseo , Medium ,,10.0,7.0,,705.04,,,,2014-01-04,4, April ,2014
Government,Germany, Paseo , Medium ,,10.0,7.0,,613.2,,,,2014-01-05,5, May ,2014
Government,Germany, Paseo , Medium ,,10.0,20.0,,2185.6,,,,2014-01-06,6, June ,2014
Small Business,Mexico, Paseo , Medium ,,10.0,300.0,,45431.625,,,,2014-01-06,6, June ,2014
Government,United States of America, Paseo , Medium ,,10.0,7.0,,379.68,,,,2014-01-08,8, August ,2014
Government,Germany, Paseo , Medium ,,10.0,7.0,,894.88,,,,2014-01-08,8, August ,2014
Government,Germany, Paseo , Medium ,,10.0,7.0,,1349.04,,,,2013-01-09,9, September ,2013
Government,Germany, Paseo , Medium ,,10.0,20.0,,3094.4,,,,2014-01-09,9, September ,2014
Government,Mexico, Paseo , Medium ,,10.0,20.0,,4788.8,,,,2014-01-09,9, September ,2014
Government,Germany, Paseo , Medium ,,10.0,350.0,,45431.625,,,,2013-01-11,11, November ,2013
Government,Mexico, Paseo , Medium ,,10.0,7.0,,1089.76,,,,2013-01-12,12, December ,2013
Government,Mexico, Paseo , Medium ,,10.0,350.0,,38136.0,,,,2014-01-12,12, December ,2014
Channel Partners,Canada, Velo , Medium ,,120.0,12.0,,574.08,,,,2014-01-03,3, March ,2014
Government,United States of America, Velo , Medium ,,120.0,7.0,,1627.92,,,,2014-01-06,6, June ,2014
Government,Germany, Velo , Medium ,,120.0,7.0,,1309.28,,,,2014-01-06,6, June ,2014
Small Business,France, Velo , Medium ,,120.0,300.0,,9264.0,,,,2013-01-11,11, November ,2013
Small Business,Mexico, Velo , Medium ,,120.0,300.0,,15240.0,,,,2014-01-12,12, December ,2014
Government,France, VTT , Medium ,,250.0,350.0,,16086.0,,,,2014-01-04,4, April ,2014
Government,Germany, VTT , Medium ,,250.0,7.0,,1309.28,,,,2014-01-06,6, June ,2014
Government,France, VTT , Medium ,,250.0,350.0,,10668.0,,,,2014-01-08,8, August ,2014
Government,Germany, VTT , Medium ,,250.0,350.0,,11816.0,,,,2014-01-08,8, August ,2014
Small Business,Canada, VTT , Medium ,,250.0,300.0,,45431.625,,,,2014-01-09,9, September ,2014
Small Business,United States of America, VTT , Medium ,,250.0,300.0,,19392.0,,,,2013-01-12,12, December ,2013
Government,Canada, Amarilla , Medium ,,260.0,20.0,,1132.8,,,,2014-01-06,6, June ,2014
Government,United States of America, Amarilla , Medium ,,260.0,7.0,,1627.92,,,,2014-01-06,6, June ,2014
Government,Germany, Amarilla , Medium ,,260.0,20.0,,2185.6,,,,2014-01-06,6, June ,2014
Small Business,Mexico, Amarilla , Medium ,,260.0,300.0,,45431.625,,,,2014-01-06,6, June ,2014
Government,Germany, Amarilla , Medium ,,260.0,20.0,,2432.0,,,,2014-01-11,11, November ,2014
Midmarket,Germany, Amarilla , Medium ,,260.0,15.0,,853.2,,,,2014-01-12,12, December ,2014
Channel Partners,Mexico, Amarilla , Medium ,,260.0,12.0,,1320.0,,,,2013-01-12,12, December ,2013
Small Business,Mexico, Amarilla , Medium ,,260.0,300.0,,15240.0,,,,2014-01-12,12, December ,2014
Government,United States of America, VTT , Medium ,,250.0,20.0,,698.4,,,,2014-01-07,7, July ,2014
Small Business,Canada, Carretera , Medium ,,3.0,300.0,,29538.0,,,,2014-01-06,6, June ,2014
Channel Partners,Mexico, Carretera , Medium ,,3.0,12.0,,396.36,,,,2013-01-10,10, October ,2013
Small Business,Canada, Montana , Medium ,,5.0,300.0,,45431.625,,,,2014-01-04,4, April ,2014
Government,France, Montana , Medium ,,5.0,350.0,,45431.625,,,,2014-01-05,5, May ,2014
Small Business,France, Montana , Medium ,,5.0,300.0,,8694.0,,,,2013-01-09,9, September ,2013
Channel Partners,Canada, Montana , Medium ,,5.0,12.0,,2506.68,,,,2014-01-11,11, November ,2014
Enterprise,France, Montana , Medium ,,5.0,125.0,,20891.25,,,,2013-01-11,11, November ,2013
Government,Canada, Montana , Medium ,,5.0,7.0,,1014.93,,,,2013-01-12,12, December ,2013
Enterprise,United States of America, Montana , Medium ,,5.0,125.0,,31466.25,,,,2014-01-12,12, December ,2014
Small Business,Germany, Montana , Medium ,,5.0,300.0,,9018.0,,,,2013-01-12,12, December ,2013
Small Business,Mexico, Paseo , Medium ,,10.0,300.0,,45431.625,,,,2014-01-01,1, January ,2014
Government,Mexico, Paseo , Medium ,,10.0,350.0,,45431.625,,,,2014-01-01,1, January ,2014
Midmarket,United States of America, Paseo , Medium ,,10.0,15.0,,4961.25,,,,2014-01-04,4, April ,2014
Small Business,Canada, Paseo , Medium ,,10.0,300.0,,29538.0,,,,2014-01-06,6, June ,2014
Midmarket,France, Paseo , Medium ,,10.0,15.0,,1656.45,,,,2014-01-10,10, October ,2014
Channel Partners,Mexico, Paseo , Medium ,,10.0,12.0,,396.36,,,,2013-01-10,10, October ,2013
Small Business,France, Paseo , Medium ,,10.0,300.0,,35748.0,,,,2014-01-11,11, November ,2014
Channel Partners,Germany, Paseo , Medium ,,10.0,12.0,,1917.0,,,,2013-01-11,11, November ,2013
Enterprise,United States of America, Paseo , Medium ,,10.0,125.0,,31466.25,,,,2014-01-12,12, December ,2014
Midmarket,Mexico, Velo , Medium ,,120.0,15.0,,330.75,,,,2014-01-05,5, May ,2014
Small Business,Canada, Velo , Medium ,,120.0,300.0,,45431.625,,,,2014-01-07,7, July ,2014
Government,Germany, Velo , Medium ,,120.0,350.0,,41170.5,,,,2014-01-07,7, July ,2014
Enterprise,Canada, Velo , Medium ,,120.0,125.0,,6378.75,,,,2014-01-09,9, September ,2014
Enterprise,Mexico, Velo , Medium ,,120.0,125.0,,23737.5,,,,2014-01-09,9, September ,2014
Government,Canada, Velo , Medium ,,120.0,350.0,,39973.5,,,,2014-01-10,10, October ,2014
Channel Partners,United States of America, VTT , Medium ,,250.0,12.0,,2112.48,,,,2014-01-01,1, January ,2014
Small Business,Germany, VTT , Medium ,,250.0,300.0,,45431.625,,,,2014-01-02,2, February ,2014
Government,United States of America, VTT , Medium ,,250.0,350.0,,42572.25,,,,2014-01-04,4, April ,2014
Channel Partners,Germany, VTT , Medium ,,250.0,12.0,,950.4,,,,2014-01-05,5, May ,2014
Small Business,United States of America, VTT , Medium ,,250.0,300.0,,45431.625,,,,2014-01-09,9, September ,2014
Channel Partners,France, VTT , Medium ,,250.0,12.0,,2412.72,,,,2013-01-09,9, September ,2013
Midmarket,France, VTT , Medium ,,250.0,15.0,,1656.45,,,,2014-01-10,10, October ,2014
Enterprise,Mexico, VTT , Medium ,,250.0,125.0,,9866.25,,,,2014-01-11,11, November ,2014
Government,United States of America, Amarilla , Medium ,,260.0,350.0,,45431.625,,,,2014-01-09,9, September ,2014
Government,Canada, Amarilla , Medium ,,260.0,350.0,,39973.5,,,,2014-01-10,10, October ,2014
Midmarket,Germany, Amarilla , Medium ,,260.0,15.0,,1309.5,,,,2013-01-11,11, November ,2013
Government,Mexico, Amarilla , Medium ,,260.0,20.0,,3049.2,,,,2014-01-11,11, November ,2014
Government,Germany, Carretera , Medium ,,3.0,20.0,,1193.4,,,,2014-01-05,5, May ,2014
Government,Canada, Carretera , Medium ,,3.0,7.0,,515.97,,,,2014-01-07,7, July ,2014
Channel Partners,Germany, Carretera , Medium ,,3.0,12.0,,1706.4,,,,2014-01-09,9, September ,2014
Government,Mexico, Carretera , Medium ,,3.0,7.0,,328.23,,,,2014-01-12,12, December ,2014
Government,United States of America, Paseo , Medium ,,10.0,20.0,,1751.4,,,,2014-01-03,3, March ,2014
Government,Mexico, Paseo , Medium ,,10.0,20.0,,1868.4,,,,2014-01-06,6, June ,2014
Government,Germany, Paseo , Medium ,,10.0,7.0,,226.8,,,,2014-01-10,10, October ,2014
Channel Partners,France, Velo , Medium ,,120.0,12.0,,2124.36,,,,2014-01-03,3, March ,2014
Midmarket,Mexico, Velo , Medium ,,120.0,15.0,,3547.8,,,,2014-01-04,4, April ,2014
Government,Germany, VTT , Medium ,,250.0,7.0,,226.8,,,,2014-01-10,10, October ,2014
Government,France, VTT , Medium ,,250.0,20.0,,4827.6,,,,2013-01-11,11, November ,2013
Government,Mexico, VTT , Medium ,,250.0,7.0,,328.23,,,,2014-01-12,12, December ,2014
Government,Mexico, Amarilla , Medium ,,260.0,20.0,,1868.4,,,,2014-01-06,6, June ,2014
Midmarket,Canada, Amarilla , Medium ,,260.0,15.0,,2201.18,,,,2014-01-07,7, July ,2014
Channel Partners,France, Amarilla , Medium ,,260.0,12.0,,330.48,,,,2013-01-12,12, December ,2013
Channel Partners,United States of America, Carretera , High ,,3.0,12.0,,463.2,,,,2013-01-10,10, October ,2013
Government,United States of America, Montana , High ,,5.0,7.0,,1629.6,,,,2014-01-09,9, September ,2014
Channel Partners,United States of America, Paseo , High ,,10.0,12.0,,463.2,,,,2013-01-10,10, October ,2013
Enterprise,United States of America, Carretera , High ,,3.0,125.0,,43068.75,,,,2014-01-04,4, April ,2014
Enterprise,France, Carretera , High ,,3.0,125.0,,18525.0,,,,2013-01-12,12, December ,2013
Government,United States of America, Montana , High ,,5.0,350.0,,45431.625,,,,2014-01-05,5, May ,2014
Enterprise,United States of America, Montana , High ,,5.0,125.0,,22550.0,,,,2013-01-11,11, November ,2013
Midmarket,France, Montana , High ,,5.0,15.0,,3108.0,,,,2014-01-12,12, December ,2014
Government,France, Paseo , High ,,10.0,20.0,,3908.0,,,,2014-01-03,3, March ,2014
Small Business,Mexico, Paseo , High ,,10.0,300.0,,17730.0,,,,2014-01-05,5, May ,2014
Midmarket,France, Paseo , High ,,10.0,15.0,,3250.5,,,,2013-01-10,10, October ,2013
Government,Germany, Paseo , High ,,10.0,20.0,,482.0,,,,2014-01-10,10, October ,2014
Midmarket,Germany, Velo , High ,,120.0,15.0,,1021.5,,,,2014-01-01,1, January ,2014
Midmarket,Germany, Velo , High ,,120.0,15.0,,765.0,,,,2014-01-04,4, April ,2014
Midmarket,United States of America, Velo , High ,,120.0,15.0,,1185.0,,,,2014-01-05,5, May ,2014
Government,France, Velo , High ,,120.0,350.0,,22365.0,,,,2014-01-07,7, July ,2014
Enterprise,United States of America, Velo , High ,,120.0,125.0,,19950.0,,,,2014-01-09,9, September ,2014
Small Business,United States of America, Velo , High ,,120.0,300.0,,45431.625,,,,2013-01-10,10, October ,2013
Government,Germany, Velo , High ,,120.0,20.0,,482.0,,,,2014-01-10,10, October ,2014
Government,Germany, Velo , High ,,120.0,7.0,,1865.5,,,,2014-01-11,11, November ,2014
Enterprise,Canada, Velo , High ,,120.0,125.0,,23950.0,,,,2013-01-12,12, December ,2013
Small Business,France, Velo , High ,,120.0,300.0,,25590.0,,,,2014-01-12,12, December ,2014
Enterprise,Mexico, VTT , High ,,250.0,125.0,,4262.5,,,,2014-01-05,5, May ,2014
Midmarket,Mexico, VTT , High ,,250.0,15.0,,961.5,,,,2014-01-07,7, July ,2014
Government,United States of America, VTT , High ,,250.0,350.0,,45431.625,,,,2014-01-08,8, August ,2014
Small Business,Mexico, VTT , High ,,250.0,300.0,,12960.0,,,,2014-01-09,9, September ,2014
Small Business,United States of America, VTT , High ,,250.0,300.0,,45431.625,,,,2013-01-10,10, October ,2013
Midmarket,France, VTT , High ,,250.0,15.0,,3250.5,,,,2013-01-10,10, October ,2013
Enterprise,Canada, VTT , High ,,250.0,125.0,,31612.5,,,,2014-01-11,11, November ,2014
Government,Germany, VTT , High ,,250.0,350.0,,45431.625,,,,2013-01-12,12, December ,2013
Enterprise,United States of America, Amarilla , High ,,260.0,125.0,,7237.5,,,,2014-01-01,1, January ,2014
Government,Canada, Amarilla , High ,,260.0,350.0,,45431.625,,,,2014-01-02,2, February ,2014
Small Business,United States of America, Amarilla , High ,,260.0,300.0,,45431.625,,,,2014-01-03,3, March ,2014
Channel Partners,Canada, Amarilla , High ,,260.0,12.0,,4224.6,,,,2014-01-04,4, April ,2014
Government,Mexico, Amarilla , High ,,260.0,20.0,,4078.0,,,,2014-01-05,5, May ,2014
Channel Partners,Germany, Amarilla , High ,,260.0,12.0,,3088.8,,,,2014-01-08,8, August ,2014
Government,Canada, Amarilla , High ,,260.0,350.0,,24745.0,,,,2014-01-09,9, September ,2014
Midmarket,France, Amarilla , High ,,260.0,15.0,,3108.0,,,,2014-01-12,12, December ,2014
Small Business,France, Amarilla , High ,,260.0,300.0,,25590.0,,,,2014-01-12,12, December ,2014
Channel Partners,France, Carretera , High ,,3.0,12.0,,1581.36,,,,2013-01-10,10, October ,2013
Government,France, Paseo , High ,,10.0,7.0,,1949.64,,,,2014-01-04,4, April ,2014
Channel Partners,France, Paseo , High ,,10.0,12.0,,1581.36,,,,2013-01-10,10, October ,2013
Midmarket,Canada, Velo , High ,,120.0,15.0,,633.6,,,,2014-01-01,1, January ,2014
Channel Partners,Germany, Velo , High ,,120.0,12.0,,623.04,,,,2014-01-10,10, October ,2014
Government,United States of America, VTT , High ,,250.0,7.0,,1215.83,,,,2014-01-03,3, March ,2014
Channel Partners,Mexico, VTT , High ,,250.0,12.0,,1326.6,,,,2013-01-09,9, September ,2013
Midmarket,United States of America, Amarilla , High ,,260.0,15.0,,5279.18,,,,2014-01-07,7, July ,2014
Channel Partners,Germany, Amarilla , High ,,260.0,12.0,,623.04,,,,2014-01-10,10, October ,2014
Channel Partners,Canada, Carretera , High ,,3.0,12.0,,2556.84,,,,2014-01-02,2, February ,2014
Government,Germany, Carretera , High ,,3.0,350.0,,30492.0,,,,2014-01-03,3, March ,2014
Small Business,Germany, Carretera , High ,,3.0,300.0,,45431.625,,,,2014-01-07,7, July ,2014
Enterprise,France, Carretera , High ,,3.0,125.0,,33563.75,,,,2014-01-10,10, October ,2014
Midmarket,Canada, Carretera , High ,,3.0,15.0,,2574.0,,,,2013-01-11,11, November ,2013
Government,Mexico, Carretera , High ,,3.0,7.0,,2083.62,,,,2013-01-11,11, November ,2013
Government,Germany, Montana , High ,,5.0,350.0,,29491.0,,,,2014-01-01,1, January ,2014
Government,Germany, Montana , High ,,5.0,20.0,,6582.4,,,,2013-01-10,10, October ,2013
Midmarket,Mexico, Montana , High ,,5.0,15.0,,3559.05,,,,2014-01-12,12, December ,2014
Small Business,Canada, Paseo , High ,,10.0,300.0,,28809.0,,,,2014-01-01,1, January ,2014
Government,Mexico, Paseo , High ,,10.0,20.0,,2468.4,,,,2014-01-03,3, March ,2014
Government,Canada, Paseo , High ,,10.0,350.0,,45431.625,,,,2014-01-07,7, July ,2014
Channel Partners,Canada, Paseo , High ,,10.0,12.0,,5314.32,,,,2014-01-07,7, July ,2014
Channel Partners,France, Paseo , High ,,10.0,12.0,,3201.66,,,,2014-01-07,7, July ,2014
Government,Canada, Paseo , High ,,10.0,20.0,,5266.8,,,,2014-01-08,8, August ,2014
Midmarket,Mexico, Paseo , High ,,10.0,15.0,,3273.6,,,,2014-01-08,8, August ,2014
Enterprise,France, Paseo , High ,,10.0,125.0,,33563.75,,,,2014-01-10,10, October ,2014
Government,Germany, Paseo , High ,,10.0,20.0,,6582.4,,,,2013-01-10,10, October ,2013
Small Business,Canada, Paseo , High ,,10.0,300.0,,45078.0,,,,2014-01-11,11, November ,2014
Government,France, Velo , High ,,120.0,20.0,,6171.0,,,,2013-01-09,9, September ,2013
Midmarket,Mexico, Velo , High ,,120.0,15.0,,1080.75,,,,2013-01-09,9, September ,2013
Government,Mexico, Velo , High ,,120.0,350.0,,13244.0,,,,2013-01-10,10, October ,2013
Government,Canada, Velo , High ,,120.0,7.0,,1392.16,,,,2014-01-11,11, November ,2014
Channel Partners,France, VTT , High ,,250.0,12.0,,2288.88,,,,2014-01-01,1, January ,2014
Enterprise,Mexico, VTT , High ,,250.0,125.0,,7617.5,,,,2014-01-01,1, January ,2014
Government,Canada, VTT , High ,,250.0,20.0,,6457.0,,,,2013-01-11,11, November ,2013
Enterprise,Germany, Amarilla , High ,,260.0,125.0,,43518.75,,,,2014-01-01,1, January ,2014
Government,Mexico, Amarilla , High ,,260.0,20.0,,5783.8,,,,2014-01-01,1, January ,2014
Enterprise,France, Amarilla , High ,,260.0,125.0,,19703.75,,,,2014-01-05,5, May ,2014
Enterprise,Mexico, Amarilla , High ,,260.0,125.0,,13021.25,,,,2013-01-09,9, September ,2013
Government,Mexico, Amarilla , High ,,260.0,350.0,,13244.0,,,,2013-01-10,10, October ,2013
Midmarket,Mexico, Amarilla , High ,,260.0,15.0,,3559.05,,,,2014-01-12,12, December ,2014
Government,United States of America, Paseo , High ,,10.0,7.0,,292.6,,,,2013-01-09,9, September ,2013
Government,Mexico, Carretera , High ,,3.0,350.0,,37212.0,,,,2014-01-06,6, June ,2014
Enterprise,Canada, Carretera , High ,,3.0,125.0,,36240.0,,,,2013-01-09,9, September ,2013
Enterprise,Mexico, Carretera , High ,,3.0,125.0,,32340.0,,,,2014-01-10,10, October ,2014
Midmarket,Canada, Carretera , High ,,3.0,15.0,,4840.2,,,,2014-01-11,11, November ,2014
Midmarket,United States of America, Montana , High ,,5.0,15.0,,1218.6,,,,2014-01-03,3, March ,2014
Small Business,France, Montana , High ,,5.0,300.0,,45431.625,,,,2014-01-04,4, April ,2014
Government,Mexico, Montana , High ,,5.0,7.0,,2032.8,,,,2014-01-09,9, September ,2014
Government,Canada, Montana , High ,,5.0,7.0,,2296.56,,,,2014-01-10,10, October ,2014
Government,Mexico, Montana , High ,,5.0,20.0,,4116.0,,,,2013-01-10,10, October ,2013
Small Business,France, Montana , High ,,5.0,300.0,,42696.0,,,,2013-01-12,12, December ,2013
Small Business,United States of America, Paseo , High ,,10.0,300.0,,45431.625,,,,2014-01-01,1, January ,2014
Government,Mexico, Paseo , High ,,10.0,350.0,,37212.0,,,,2014-01-06,6, June ,2014
Enterprise,Mexico, Paseo , High ,,10.0,125.0,,32340.0,,,,2014-01-10,10, October ,2014
Government,Mexico, Paseo , High ,,10.0,20.0,,2172.0,,,,2014-01-10,10, October ,2014
Government,Mexico, Paseo , High ,,10.0,20.0,,4116.0,,,,2013-01-10,10, October ,2013
Government,France, Paseo , High ,,10.0,350.0,,45431.625,,,,2014-01-11,11, November ,2014
Small Business,Germany, Paseo , High ,,10.0,300.0,,45431.625,,,,2014-01-11,11, November ,2014
Small Business,Mexico, Paseo , High ,,10.0,300.0,,45431.625,,,,2014-01-11,11, November ,2014
Government,Mexico, Paseo , High ,,10.0,350.0,,45431.625,,,,2014-01-11,11, November ,2014
Midmarket,Mexico, Paseo , High ,,10.0,15.0,,684.0,,,,2013-01-12,12, December ,2013
Government,Mexico, Paseo , High ,,10.0,20.0,,2959.2,,,,2014-01-12,12, December ,2014
Government,Mexico, Velo , High ,,120.0,350.0,,45431.625,,,,2014-01-07,7, July ,2014
Government,United States of America, Velo , High ,,120.0,350.0,,41412.0,,,,2014-01-10,10, October ,2014
Government,Mexico, Velo , High ,,120.0,20.0,,2172.0,,,,2014-01-10,10, October ,2014
Channel Partners,Canada, VTT , High ,,250.0,12.0,,3036.96,,,,2014-01-05,5, May ,2014
Midmarket,France, VTT , High ,,250.0,15.0,,6974.1,,,,2014-01-07,7, July ,2014
Government,Canada, VTT , High ,,250.0,350.0,,26166.0,,,,2013-01-09,9, September ,2013
Government,United States of America, VTT , High ,,250.0,350.0,,41412.0,,,,2014-01-10,10, October ,2014
Enterprise,United States of America, VTT , High ,,250.0,125.0,,35805.0,,,,2014-01-11,11, November ,2014
Government,Mexico, VTT , High ,,250.0,20.0,,2959.2,,,,2014-01-12,12, December ,2014
Government,United States of America, Amarilla , High ,,260.0,350.0,,11340.0,,,,2014-01-02,2, February ,2014
Government,France, Amarilla , High ,,260.0,7.0,,2874.06,,,,2014-01-07,7, July ,2014
Government,Canada, Amarilla , High ,,260.0,7.0,,2296.56,,,,2014-01-10,10, October ,2014
Midmarket,United States of America, Amarilla , High ,,260.0,15.0,,4586.4,,,,2013-01-11,11, November ,2013
Government,France, Carretera , High ,,3.0,20.0,,6051.6,,,,2014-01-01,1, January ,2014
Channel Partners,Mexico, Montana , High ,,5.0,12.0,,3831.84,,,,2014-01-05,5, May ,2014
Government,Germany, Paseo , High ,,10.0,20.0,,3674.4,,,,2014-01-12,12, December ,2014
Government,France, VTT , High ,,250.0,7.0,,1252.44,,,,2014-01-03,3, March ,2014
Government,Germany, VTT , High ,,250.0,20.0,,3674.4,,,,2014-01-12,12, December ,2014
Channel Partners,Canada, Amarilla , High ,,260.0,12.0,,3975.84,,,,2013-01-09,9, September ,2013
Midmarket,United States of America, Carretera , High ,,3.0,15.0,,5005.65,,,,2014-01-06,6, June ,2014
Midmarket,United States of America, VTT , High ,,250.0,15.0,,5005.65,,,,2014-01-06,6, June ,2014
Government,Canada, Carretera , High ,,3.0,350.0,,41996.5,,,,2014-01-03,3, March ,2014
Government,France, Carretera , High ,,3.0,350.0,,45431.625,,,,2014-01-03,3, March ,2014
Government,Germany, Carretera , High ,,3.0,20.0,,1149.2,,,,2013-01-09,9, September ,2013
Government,United States of America, Montana , High ,,5.0,350.0,,44703.75,,,,2014-01-01,1, January ,2014
Government,United States of America, Montana , High ,,5.0,7.0,,1181.18,,,,2014-01-02,2, February ,2014
Channel Partners,Mexico, Montana , High ,,5.0,12.0,,942.24,,,,2014-01-06,6, June ,2014
Government,Mexico, Montana , High ,,5.0,20.0,,5863.0,,,,2014-01-07,7, July ,2014
Government,Canada, Montana , High ,,5.0,20.0,,3247.4,,,,2014-01-10,10, October ,2014
Government,United States of America, Paseo , High ,,10.0,7.0,,1309.04,,,,2014-01-01,1, January ,2014
Small Business,Germany, Paseo , High ,,10.0,300.0,,31473.0,,,,2014-01-01,1, January ,2014
Government,United States of America, Paseo , High ,,10.0,20.0,,6866.6,,,,2014-01-02,2, February ,2014
Government,Germany, Paseo , High ,,10.0,20.0,,7040.8,,,,2014-01-02,2, February ,2014
Government,Canada, Paseo , High ,,10.0,350.0,,45431.625,,,,2014-01-06,6, June ,2014
Enterprise,Canada, Paseo , High ,,10.0,125.0,,25723.75,,,,2014-01-06,6, June ,2014
Channel Partners,Mexico, Paseo , High ,,10.0,12.0,,890.76,,,,2014-01-07,7, July ,2014
Government,France, Paseo , High ,,10.0,7.0,,2453.36,,,,2014-01-08,8, August ,2014
Midmarket,Canada, Paseo , High ,,10.0,15.0,,3051.75,,,,2014-01-10,10, October ,2014
Government,Canada, Paseo , High ,,10.0,20.0,,3247.4,,,,2014-01-10,10, October ,2014
Government,Germany, Paseo , High ,,10.0,350.0,,16243.5,,,,2014-01-11,11, November ,2014
Channel Partners,Germany, Paseo , High ,,10.0,12.0,,1580.28,,,,2014-01-12,12, December ,2014
Midmarket,France, Velo , High ,,120.0,15.0,,7795.13,,,,2014-01-01,1, January ,2014
Government,Canada, Velo , High ,,120.0,350.0,,45431.625,,,,2014-01-06,6, June ,2014
Government,France, Velo , High ,,120.0,7.0,,1082.9,,,,2014-01-06,6, June ,2014
Channel Partners,Mexico, Velo , High ,,120.0,12.0,,942.24,,,,2014-01-06,6, June ,2014
Midmarket,Germany, Velo , High ,,120.0,15.0,,1287.0,,,,2013-01-09,9, September ,2013
Channel Partners,Mexico, Velo , High ,,120.0,12.0,,639.6,,,,2014-01-10,10, October ,2014
Small Business,Mexico, Velo , High ,,120.0,300.0,,45431.625,,,,2013-01-11,11, November ,2013
Channel Partners,Germany, Velo , High ,,120.0,12.0,,1580.28,,,,2014-01-12,12, December ,2014
Enterprise,Canada, VTT , High ,,250.0,125.0,,25723.75,,,,2014-01-06,6, June ,2014
Midmarket,Canada, VTT , High ,,250.0,15.0,,3051.75,,,,2014-01-10,10, October ,2014
Enterprise,Canada, Amarilla , High ,,260.0,125.0,,26958.75,,,,2014-01-01,1, January ,2014
Government,France, Amarilla , High ,,260.0,7.0,,1082.9,,,,2014-01-06,6, June ,2014
Channel Partners,Mexico, Amarilla , High ,,260.0,12.0,,639.6,,,,2014-01-10,10, October ,2014
Channel Partners,Germany, Amarilla , High ,,260.0,12.0,,2761.2,,,,2013-01-12,12, December ,2013
Government,Mexico, Carretera , High ,,3.0,20.0,,7221.2,,,,2014-01-04,4, April ,2014
Government,United States of America, Carretera , High ,,3.0,20.0,,4880.4,,,,2014-01-05,5, May ,2014
Government,United States of America, Carretera , High ,,3.0,7.0,,2936.08,,,,2013-01-10,10, October ,2013
Government,Germany, Carretera , High ,,3.0,7.0,,274.4,,,,2014-01-12,12, December ,2014
Government,France, Montana , High ,,5.0,7.0,,287.14,,,,2014-01-02,2, February ,2014
Government,United States of America, Montana , High ,,5.0,7.0,,2936.08,,,,2013-01-10,10, October ,2013
Midmarket,Germany, Paseo , High ,,10.0,15.0,,583.8,,,,2014-01-02,2, February ,2014
Government,Canada, Paseo , High ,,10.0,20.0,,6798.4,,,,2014-01-03,3, March ,2014
Midmarket,United States of America, Paseo , High ,,10.0,15.0,,3710.7,,,,2014-01-09,9, September ,2014
Channel Partners,France, Paseo , High ,,10.0,12.0,,2340.24,,,,2014-01-10,10, October ,2014
Government,Germany, VTT , High ,,250.0,7.0,,274.4,,,,2014-01-12,12, December ,2014
Channel Partners,France, Amarilla , High ,,260.0,12.0,,2340.24,,,,2014-01-10,10, October ,2014
Channel Partners,United States of America, Amarilla , High ,,260.0,12.0,,3385.2,,,,2013-01-12,12, December ,2013
Small Business,Mexico, Carretera , High ,,3.0,300.0,,33642.0,,,,2014-01-07,7, July ,2014
Enterprise,France, Carretera , High ,,3.0,125.0,,17902.5,,,,2013-01-09,9, September ,2013
Small Business,Canada, Carretera , High ,,3.0,300.0,,45431.625,,,,2014-01-10,10, October ,2014
Small Business,United States of America, Carretera , High ,,3.0,300.0,,42420.0,,,,2014-01-10,10, October ,2014
Midmarket,Germany, Carretera , High ,,3.0,15.0,,3177.3,,,,2014-01-11,11, November ,2014
Midmarket,Canada, Carretera , High ,,3.0,15.0,,4830.0,,,,2014-01-12,12, December ,2014
Enterprise,Mexico, Carretera , High ,,3.0,125.0,,45431.625,,,,2013-01-12,12, December ,2013
Government,Canada, Montana , High ,,5.0,350.0,,45431.625,,,,2014-01-01,1, January ,2014
Government,Germany, Montana , High ,,5.0,350.0,,45431.625,,,,2014-01-04,4, April ,2014
Government,Canada, Montana , High ,,5.0,350.0,,9800.0,,,,2014-01-05,5, May ,2014
Government,Canada, Montana , High ,,5.0,7.0,,380.24,,,,2014-01-09,9, September ,2014
Government,Mexico, Montana , High ,,5.0,7.0,,1692.46,,,,2013-01-10,10, October ,2013
Midmarket,Canada, Montana , High ,,5.0,15.0,,4830.0,,,,2014-01-12,12, December ,2014
Government,Mexico, Paseo , High ,,10.0,20.0,,728.0,,,,2014-01-02,2, February ,2014
Midmarket,Canada, Paseo , High ,,10.0,15.0,,5187.0,,,,2013-01-09,9, September ,2013
Midmarket,Canada, Paseo , High ,,10.0,15.0,,3660.3,,,,2013-01-10,10, October ,2013
Channel Partners,United States of America, Paseo , High ,,10.0,12.0,,4895.52,,,,2014-01-10,10, October ,2014
Government,France, Paseo , High ,,10.0,7.0,,1696.38,,,,2014-01-10,10, October ,2014
Government,Canada, Paseo , High ,,10.0,350.0,,34300.0,,,,2014-01-11,11, November ,2014
Channel Partners,Canada, Paseo , High ,,10.0,12.0,,3732.96,,,,2013-01-11,11, November ,2013
Government,United States of America, Paseo , High ,,10.0,350.0,,45431.625,,,,2014-01-11,11, November ,2014
Government,France, Paseo , High ,,10.0,350.0,,45431.625,,,,2013-01-11,11, November ,2013
Enterprise,Mexico, Velo , High ,,120.0,125.0,,27562.5,,,,2014-01-02,2, February ,2014
Government,United States of America, Velo , High ,,120.0,20.0,,1696.8,,,,2014-01-04,4, April ,2014
Small Business,United States of America, Velo , High ,,120.0,300.0,,45431.625,,,,2014-01-07,7, July ,2014
Small Business,Canada, Velo , High ,,120.0,300.0,,11298.0,,,,2013-01-10,10, October ,2013
Small Business,Germany, Velo , High ,,120.0,300.0,,45431.625,,,,2013-01-11,11, November ,2013
Government,Mexico, VTT , High ,,250.0,7.0,,2844.94,,,,2014-01-03,3, March ,2014
Small Business,United States of America, VTT , High ,,250.0,300.0,,45431.625,,,,2014-01-08,8, August ,2014
Small Business,Canada, VTT , High ,,250.0,300.0,,11298.0,,,,2013-01-10,10, October ,2013
Small Business,Canada, VTT , High ,,250.0,300.0,,45431.625,,,,2014-01-10,10, October ,2014
Small Business,United States of America, VTT , High ,,250.0,300.0,,42420.0,,,,2014-01-10,10, October ,2014
Government,France, VTT , High ,,250.0,350.0,,45431.625,,,,2013-01-12,12, December ,2013
Small Business,Canada, Amarilla , High ,,260.0,300.0,,37296.0,,,,2014-01-03,3, March ,2014
Enterprise,United States of America, Amarilla , High ,,260.0,125.0,,45431.625,,,,2014-01-05,5, May ,2014
Channel Partners,France, Amarilla , High ,,260.0,12.0,,4158.0,,,,2014-01-08,8, August ,2014
Midmarket,Canada, Amarilla , High ,,260.0,15.0,,3660.3,,,,2013-01-10,10, October ,2013
Channel Partners,United States of America, Amarilla , High ,,260.0,12.0,,4895.52,,,,2014-01-10,10, October ,2014
Government,France, Amarilla , High ,,260.0,7.0,,1696.38,,,,2014-01-10,10, October ,2014
Government,Mexico, Amarilla , High ,,260.0,7.0,,1692.46,,,,2013-01-10,10, October ,2013
Midmarket,Mexico, Amarilla , High ,,260.0,15.0,,3927.0,,,,2013-01-11,11, November ,2013
Enterprise,France, Carretera , High ,,3.0,125.0,,22012.5,,,,2014-01-08,8, August ,2014
Enterprise,Germany, Carretera , High ,,3.0,125.0,,45431.625,,,,2014-01-08,8, August ,2014
Enterprise,Germany, Carretera , High ,,3.0,125.0,,20343.75,,,,2014-01-10,10, October ,2014
Small Business,Mexico, Montana , High ,,5.0,300.0,,24570.0,,,,2014-01-10,10, October ,2014
Government,Germany, Paseo , High ,,10.0,20.0,,3474.0,,,,2014-01-03,3, March ,2014
Midmarket,Canada, Paseo , High ,,10.0,15.0,,3631.5,,,,2014-01-04,4, April ,2014
Government,Mexico, Paseo , High ,,10.0,7.0,,2661.75,,,,2014-01-04,4, April ,2014
Government,Mexico, Paseo , High ,,10.0,350.0,,45431.625,,,,2014-01-05,5, May ,2014
Midmarket,Canada, Paseo , High ,,10.0,15.0,,5757.75,,,,2014-01-08,8, August ,2014
Government,United States of America, Paseo , High ,,10.0,20.0,,801.0,,,,2013-01-10,10, October ,2013
Enterprise,Germany, Paseo , High ,,10.0,125.0,,20343.75,,,,2014-01-10,10, October ,2014
Midmarket,Germany, Paseo , High ,,10.0,15.0,,2643.75,,,,2014-01-10,10, October ,2014
Government,United States of America, Paseo , High ,,10.0,350.0,,45431.625,,,,2013-01-11,11, November ,2013
Government,Mexico, Paseo , High ,,10.0,350.0,,45431.625,,,,2013-01-11,11, November ,2013
Channel Partners,United States of America, Paseo , High ,,10.0,12.0,,1645.2,,,,2014-01-12,12, December ,2014
Government,France, Paseo , High ,,10.0,20.0,,879.0,,,,2014-01-12,12, December ,2014
Channel Partners,Mexico, Velo , High ,,120.0,12.0,,900.0,,,,2014-01-03,3, March ,2014
Midmarket,France, Velo , High ,,120.0,15.0,,6358.5,,,,2014-01-05,5, May ,2014
Enterprise,France, Velo , High ,,120.0,125.0,,12431.25,,,,2014-01-09,9, September ,2014
Small Business,United States of America, Velo , High ,,120.0,300.0,,45431.625,,,,2013-01-11,11, November ,2013
Enterprise,United States of America, Velo , High ,,120.0,125.0,,45431.625,,,,2013-01-12,12, December ,2013
Channel Partners,United States of America, Velo , High ,,120.0,12.0,,1645.2,,,,2014-01-12,12, December ,2014
Government,Canada, VTT , High ,,250.0,20.0,,2596.5,,,,2014-01-07,7, July ,2014
Midmarket,Germany, VTT , High ,,250.0,15.0,,1107.0,,,,2014-01-07,7, July ,2014
Government,United States of America, VTT , High ,,250.0,20.0,,801.0,,,,2013-01-10,10, October ,2013
Midmarket,Germany, VTT , High ,,250.0,15.0,,2643.75,,,,2014-01-10,10, October ,2014
Enterprise,Canada, VTT , High ,,250.0,125.0,,45431.625,,,,2013-01-11,11, November ,2013
Enterprise,Germany, VTT , High ,,250.0,125.0,,10350.0,,,,2014-01-11,11, November ,2014
Government,France, VTT , High ,,250.0,20.0,,879.0,,,,2014-01-12,12, December ,2014
Small Business,France, Amarilla , High ,,260.0,300.0,,45431.625,,,,2014-01-03,3, March ,2014
Small Business,Mexico, Amarilla , High ,,260.0,300.0,,24570.0,,,,2014-01-10,10, October ,2014
Government,Mexico, Montana , High ,,5.0,7.0,,1436.4,,,,2014-01-02,2, February ,2014
Government,Canada, Paseo , High ,,10.0,7.0,,759.15,,,,2014-01-04,4, April ,2014
Channel Partners,United States of America, VTT , High ,,250.0,12.0,,3250.8,,,,2014-01-05,5, May ,2014
